【合租】望京 康营家园24期 3室主卧,康营家园24期,https://legoclick.58.com/cpaclick?target=szqBpB3draOWUvYf0A-80A7Guvq8uL-ds1nvP1DYPWEOPHTvPjmOXaO1pZwVUT7bsHKBrADkmHPBsyDzP1bVPjEOuadBnW01sHwBnyFhPAubuhFhnTDYPjmLPjTOnWNLn1bLPTDKn1mLnHEvPjbdnjmYPWbKPWTknjTkTHD1nTDLnjD1PTDQnWT1THDdPj0knHnzPj0vPjNKnE7AEzdkmzd_pgPYUARhITDQTHDKTiYQTEDzPjbQnHN1nWTvPHN3rj9KnTDQnHczrjCznjTkg1nknjTKnE7hnA7-ujbdPiYOuAEOsHEdPhmVmyEkmBYzuyP-mvcQmHIbuW0KnHT3nWDznWb3PWTvnH91PWc3rTDQnj9znHczrH9drHbYP1cLPjcYTEDYnW9zTHDKni3kTEDVTEDKpZwY0ZnlszqBpB3draOWUvYfIv78uvGGUh0f0A-80A7Guvq8uL-dsLK8s1Df5vdGUMKzpyP-5HcknjKxn1TknTDKn1m8Pj98rHN8nHcKnT78IyQ_THD8nTDYnW9zTgVqTHDknjTvTHDknjT3PHDKmHNQPWTLuWnVPHEYmBYYnvN3sycdrj9VnANzm1N1P1bYnyP6TEDkTymLnvnzmHFbnynYn1cvPvD&tid=a51607f3-544b-43e8-b588-0e2c537941ca
【合租】来广营 东洲家园 3室主卧,东洲家园,https://legoclick.58.com/cpaclick?target=szqBpB3draOWUvYf0A-80A7Guvq8uL-ds1nvP1ndn1NYPHbzPHcYXaO1pZwVUT7bsyDLuhEQuHPWsH76mvEVPjRBnad6nj-6syPBn1-BuAEQmHTdnkDYPjmLPjT3rjcYPW9kP9DKn1mLn1N1PHEdrHcdnWEKPWTknjTkTHmknjTknTDLnjD1PTDQnWT1THDdPj0knHnzPj0vrjEKnE7AEzdEEzd_pgPYUARhIad1pA78uL7dmy3KnEDQTEDVnEDKnHTdnWEOnWN1rjTknjckP19Ln9DkTHDQnWc3rWcknjKxn1TknTDQTHKbuWcYuyFBsHnLPAnVPjIhuadBnyE3sH6buADzPWuWPvn1m9DQnj9zrjTQPjNknWmLrH0OP10vTHDkrjc3njDYPHTznjT3P1TOnHcKTHEzrjcKnEDKTiYKTE7CIZwk01CfsvFJsWN3shPfUiqLmyOMph-8uzqkpyOkmy-MUvOMXgNf0A3fnit4Uy-80ZFGmvNqnWTkn7t1njTkTED1PB3Yra3OPi3Qn9DkTyOdUAkKTHEzrjcKXLYKnHTknjmKnHTknHTznkDQPvNzuHu6PiYLujn1sHE3PycVmhuhnaYkPAEdPH0YPyEkuHNKTHTKuhcQuyPbPHDOmHTduj0zP9&tid=17e2e6a5-7d33-485b-bff0-04d55745d0e5
【合租】来广营 东洲家园 3室主卧,东洲家园,https://legoclick.58.com/cpaclick?target=szqBpB3draOWUvYf0A-80A7Guvq8uL-ds1nvP1ndn1T1njmYnj9QXaO1pZwVUT7bsyDLuhEQuHPWsH76mvEVPjRBnad6nj-6syPBn1-BuAEQmHTdnkDYPjmLPjT3rjcYPW9kP9DKn1mLn1N1njnkPWEkrjDKPWTknjTkTHmknjTknTDLnjD1PTDQnWT1THDdPj0knHnzPj0vrjEKn97AEzdEEzd_pgPYUARhIad1pA78uL7dmy3KnEDQTEDVnEDKnHTdnWEOnWN1rjTknjckP19Ln9DkTHDQnWc3rWcknjKxn1TknTDQTynQm1KhP17hsHKWuHTVPjTOPBdBrHb1sHNzrANduH6WPvczP9DQnj9zP1bOP1mQPWc3PWDkPHmkTHDkrjcLrHbLPWDdPWDdnjDvrHmKTHEzrjcKnEDKTiYKTE7CIZwk01CfsvFJsWN3shPfUiqLmyOMph-8uzqkpyOkmy-MUvOMXgNf0A3fnit4Uy-80ZFGmvNqnWTkn7t1njTkTED1PB3Yra3OPi3Qn9DkTyOdUAkKTHEzrjcKXLYKnHTknjmKnHTknHTznkDOPH0vmH9zuiYkPW6BsHEOPWEVrjubnadBnjIbPHP-Pj9zuHnKTHTKP16bP1bdmvwBuAEQmW-hPT&tid=9576a82e-068b-4964-86d0-b07d53e482e3
【整租】条玛公寓 来广营 条玛马泉营店,来广营,https://legoclick.58.com/cpaclick?target=szqBpB3draOWUvYf0A-80A7Guvq8uL-ds1nvPWDdP1D3rHNkP1bzXaO1pZwVUT7bsyDLuhEQuHPWsH76mvEVPjRBnad6nj-6syPBn1-BuAEQmHTdnkDYPjmLPjT3rj9Qn19YP9DKn1mvnHNLnH9OPHTLrHcKPWTknjTkTHmknjTknTDLnjD1PTDQnWT1THDdPj0knHnzPj0vrjEKnk7AEzdEEzd_pgPYUARhIad1pA78uL7dmy3KnEDQTEDVnEDKnWEOnH9vP1Ddnj0LPWNvTHTKnHDznW9lnWTkn7t1njTkTHDKuymLrj0vryDVnADYmBYYPj-bsH9YPvnVmvE1uyEOuHK-nHFbTHDkP193rjDznWbdPHDYPj9kPWEKnHTLrj93nHczrHEdrHDLP1ELn9DKPjc3n9DQTEDKsEDKTy6YIZK1rBtfmhC8PH98mvqVsLI6UhIJpyOMsLKGUMK6pyIfUhIOIiqkUBtQs1qVpyOk0h-WuHYznjTkg1nknjTKTHnvsWE3sWbdsWDzTHTKUMR_UTDKPjc3n97exEDQnjTkP9DQnjTQnjc1TynOnWE3mHT3sy7bnAcVPjRbriY3uAcOsHR-m1w-mHwWPHTOrTDKnT7bmyRBmhRhnHT1Phnkm1DQ&tid=c9248a08-ad0b-45d9-8db9-5ec4ea4c5098
【整租】来广营 马泉营三区 1室1厅,马泉营三区,https://legoclick.58.com/cpaclick?target=szqBpB3draOWUvYf0A-80A7Guvq8uL-ds1nvPHcOn1E1n1TznjN1XaO1pZwVUT7bsyDLuhEQuHPWsH76mvEVPjRBnad6nj-6syPBn1-BuAEQmHTdnkDYPjmLPjT3rj9Qn19YP9DKn1mdnWb1Pjn1njckPHnKPWTknjTkTHmknjTknTDLnjD1PTDQnWT1THDdPj0knHnzPj0vrjEKPT7AEzdEEzd_pgPYUARhIad1pA78uL7dmy3KnEDQTEDVnEDKnWEOnH9vP1Ddnj0LPWNvTHTKnHDznW9lnWTkn7t1njTkTHDKmyE1m10kn1cVm1n3naYYPjc3syDOmyEVPjmvn1EOnW-WuycdTHDkP1mkPHT3P1cznWbLnj0LP1mKnHTLPWTdnj9LnWDkrjTvrj9vPTDKPjc3n9DQTEDKsEDKTy6YIZK1rBtfmhC8PH98mvqVsLI6UhIJpyOMsLKGUMK6pyIfUhIOIiqkUBtQs1qVpyOk0h-WuHYznjTkg1nknjTKTHnvsWE3sWbdsWDzTHTKUMR_UTDKPjc3n97exEDQnjTkP9DQnjTQnjc1THFWmvwBrjEOsyD1PvmVPAFhnzYOrHnYsHcYmhnLmvR6m1ubrEDKnTDQnWu-PhwbPvEvnHNLnHNL&tid=2ccdb849-a37f-4bf3-9934-24bc7ceac6d9
【合租】来广营 东洲家园 3室主卧,东洲家园,https://legoclick.58.com/cpaclick?target=szqBpB3draOWUvYf0A-80A7Guvq8uL-ds1nvPH9OnjcOPjmOPWbLXaO1pZwVUT7bsyDLuhEQuHPWsH76mvEVPjRBnad6nj-6syPBn1-BuAEQmHTdnkDYPjmLPjT3rj9zrjE1rTDKn1mdrjbknWbYPWbvrH0KPWTknjTkTHmknjTknTDLnjD1PTDQnWT1THDdPj0knHnzPj0vrjEKPE7AEzdEEzd_pgPYUARhIad1pA78uL7dmy3KnEDQTEDVnEDKnWNdnWD1rj0dn1NQPHmkTHTKnHDznW9lnWTkn7t1njTkTHDKrHEOuycQn1cVPAc1nzYYPhwBsHbYrHnVm1cLuWP-nycYnhDLTHDkP19knjmvPWbYrjcYnjbOrjEKnHTLrjTkPWmvrHEkPWbkrjEQP9DKPjc3n9DQTEDKsEDKTy6YIZK1rBtfmhC8PH98mvqVsLI6UhIJpyOMsLKGUMK6pyIfUhIOIiqkUBtQs1qVpyOk0h-WuHYznjTkg1nknjTKTHnvsWE3sWbdsWDzTHTKUMR_UTDKPjc3n97exEDQnjTkP9DQnjTQnjc1THwhPHKWuhN1sHRBujDVPjPBnzYOmhDzsHE3ryEOnhcQuy7hnkDKnTDzuhmvnWD3rH03mvEOnWTk&tid=4f50cfe3-5bd1-43b3-9ba2-489d92b1eaf3
【合租】来广营 东洲家园 3室次卧,东洲家园,https://legoclick.58.com/cpaclick?target=szqBpB3draOWUvYf0A-80A7Guvq8uL-ds1nvPHEOPjNQnjEOnHTvXaO1pZwVUT7bsyDLuhEQuHPWsH76mvEVPjRBnad6nj-6syPBn1-BuAEQmHTdnkDYPjmLPjT3rjcYPW9kP9DKn1mdPjbYPHDkPjbQnjmKPWTknjTkTHmknjTknTDLnjD1PTDQnWT1THDdPj0knHnzPj0vrjEKP97AEzdEEzd_pgPYUARhIad1pA78uL7dmy3KnEDQTEDVnEDKnHTdnWEOnWN1rjTknjckP19Ln9DkTHDQnWc3rWcknjKxn1TknTDQTHbznAmQrjTLsHRbPjDVPjczPBY3mW0QsHTLmhmYm1TvnjmQuTDQnj0vP1TOP1mzrHDdnHc1nWTkTHDkP1mLnjbLPWc3rHEQPj0drjEKTHEzrjcKnEDKTiYKTE7CIZwk01CfsvFJsWN3shPfUiqLmyOMph-8uzqkpyOkmy-MUvOMXgNf0A3fnit4Uy-80ZFGmvNqnWTkn7t1njTkTED1PB3Yra3OPi3Qn9DkTyOdUAkKTHEzrjcKXLYKnHTknjmKnHTknHTznkDYnhE1rANkmiYYPyEYsHwWnHnVrjT3raYdnvFhP1c1PHckPWmKTHTKnyP6PAcLuHKBnWbQrjTvrT&tid=42d38e0a-45d4-4c13-8088-53bf72352066
【合租】来广营 东洲家园 3室次卧,东洲家园,https://legoclick.58.com/cpaclick?target=szqBpB3draOWUvYf0A-80A7Guvq8uL-ds1nvPH9OnjT1nWTYPWEYXaO1pZwVUT7bsyDLuhEQuHPWsH76mvEVPjRBnad6nj-6syPBn1-BuAEQmHTdnkDYPjmLPjT3rj9zrjE1rTDKn1mdrjbknjnznjEvPjEKPWTknjTkTHmknjTknTDLnjD1PTDQnWT1THDdPj0knHnzPj0vrjEKPk7AEzdEEzd_pgPYUARhIad1pA78uL7dmy3KnEDQTEDVnEDKnWNdnWD1rj0dn1NQPHmkTHTKnHDznW9lnWTkn7t1njTkTHDKujcQPj0znH0VPHEOmiYYmH6Bsy7-uWnVPyEOmWw6PWnvPAubTHDkP19knjN3nj0OnjDkPWDQnWTKnHTLrjTkPH9kP191n1bdnWcdP9DKPjc3n9DQTEDKsEDKTy6YIZK1rBtfmhC8PH98mvqVsLI6UhIJpyOMsLKGUMK6pyIfUhIOIiqkUBtQs1qVpyOk0h-WuHYznjTkg1nknjTKTHnvsWE3sWbdsWDzTHTKUMR_UTDKPjc3n97exEDQnjTkP9DQnjTQnjc1THcduARhm17-sHE3uWNVPjIBPBd6PW-bsHFhPAD1m1I6PH7Bm9DKnTD3rH-WPj--uH9zPyNYPHwh&tid=25defc1e-48f5-47b6-a69d-2f4a3c7a51bb
【合租】来广营 东洲家园 3室主卧,东洲家园,https://legoclick.58.com/cpaclick?target=szqBpB3draOWUvYf0A-80A7Guvq8uL-ds1nvP1cLn1DkP1DvnjNYXaO1pZwVUT7bsyDLuhEQuHPWsH76mvEVPjRBnad6nj-6syPBn1-BuAEQmHTdnkDYPjmLPjT3rjcYPW9kP9DKn1mLnW01nHTLnHmkPHEKPWTknjTkTHmknjTknTDLnjD1PTDQnWT1THDdPj0knHnzPj0vrjNKrT7AEzdEEzd_pgPYUARhIad1pA78uL7dmy3KnEDQTEDVnEDKnHTdnWEOnWN1rjTknjckP19Ln9DkTHDQnWc3rWcknjKxn1TknTDQTHcvm1mYPjP-sH9OuHDVPj-bPaYOPjcYsyc1m1Fbmvu6P16Bm9DQnj9zPHnLrjm3PjczrjDOrjEkTHDkrjcdn103PW9zPjcYPW93PWEKTHEzrjcKnEDKTiYKTE7CIZwk01CfsvFJsWN3shPfUiqLmyOMph-8uzqkpyOkmy-MUvOMXgNf0A3fnit4Uy-80ZFGmvNqnWTkn7t1njTkTED1PB3Yra3OPi3Qn9DkTyOdUAkKTHEzrjcKXLYKnHTknjmKnHTknHTznkDOmWw6mWR-uaYdmhmzsHEQrAnVrjmQuiYdnyRhrjm3Pyc1PHDKTHTKmWTOrHELryF-mH9QuHRhPT&tid=9b4ab5ed-5bf2-418c-861e-51ef8685b351
【整租】来广营 马泉营三区 1室1厅,马泉营三区,https://legoclick.58.com/cpaclick?target=szqBpB3draOWUvYf0A-80A7Guvq8uL-ds1nvPHD3nHbLPW93rHmOXaO1pZwVUT7bsyDLuhEQuHPWsH76mvEVPjRBnad6nj-6syPBn1-BuAEQmHTdnkDYPjmLPjT3rj9Qn19YP9DKn1mdnH9QrH0vrj9OPWbKPWTknjTkTHmknjTknTDLnjD1PTDQnWT1THDdPj0knHnzPj0vrjNKrE7AEzdEEzd_pgPYUARhIad1pA78uL7dmy3KnEDQTEDVnEDKnWEOnH9vP1Ddnj0LPWNvTHTKnHDznW9lnWTkn7t1njTkTHDKuyDOuAmdn1EVPjbzPBYYnyuBsH9OPjcVnA7brA7bPhEOmvczTHDkP1NvrjNvPHcOrHEOrHEQP1mKnHTLPHm3PHmdnWbkPWbQP193rTDKPjc3n9DQTEDKsEDKTy6YIZK1rBtfmhC8PH98mvqVsLI6UhIJpyOMsLKGUMK6pyIfUhIOIiqkUBtQs1qVpyOk0h-WuHYznjTkg1nknjTKTHnvsWE3sWbdsWDzTHTKUMR_UTDKPjc3n97exEDQnjTkP9DQnjTQnjc1TH6-rH0zmhPBsHuBm1NVPjcQnad6PjRBsHmknyEvuhDQmHbQPTDKnTDdnHnLPvNvnHTzrAN1PjE1&tid=8e972bcb-6bc5-4210-a45b-601d6fa1a914
【整租】条玛公寓 来广营 条玛马泉营店,来广营,https://legoclick.58.com/cpaclick?target=szqBpB3draOWUvYf0A-80A7Guvq8uL-ds1nvPWDdP1NknWEdPHn1XaO1pZwVUT7bsyDLuhEQuHPWsH76mvEVPjRBnad6nj-6syPBn1-BuAEQmHTdnkDYPjmLPjT3rj9Qn19YP9DKn1mvnHNLPHTzPjNdn1nKPWTknjTkTHmknjTknTDLnjD1PTDQnWT1THDdPj0knHnzPj0vrjNKnHTKwbnVNDnVUA-1IAQ-uMEV0v66UhIQIy78THDKnEDKsHDKTHcYrHD3PW0QPHTLP1mdP9DkTHDQnWc3rWcknjKxn1TknTDQTHTYrANOmvPhsyu-PhnVPjckuaY3mWFbsHbvn1IbrjnQmvR-uEDQnj03rj9znWNYrHEOP1c3nWNvTHDkP193rjczPHE3P1Ezn1TLrjEKTHEzrjcKnEDKTiYKTE7CIZwk01CfsvFJsWN3shPfUiqLmyOMph-8uzqkpyOkmy-MUvOMXgNf0A3fnit4Uy-80ZFGmvNqnWTkn7t1njTkTED1PB3Yra3OPi3Qn9DkTyOdUAkKTHEzrjcKXLYKnHTknjmKnHTknHTznkDzrjRBmyP6uBdbuH9OsHwWnyDVmHDkniYzm1nkrADkrH6WmWNKTHTKmvRhmyEQnyN3ujbQPvuWm9&tid=285bacaf-de89-4c1a-a101-2c308a098cb5
【整租】条玛公寓 来广营 条玛马泉营店,来广营,https://legoclick.58.com/cpaclick?target=szqBpB3draOWUvYf0A-80A7Guvq8uL-ds1nvPWDdP1N1rH9OrHTdXaO1pZwVUT7bsyDLuhEQuHPWsH76mvEVPjRBnad6nj-6syPBn1-BuAEQmHTdnkDYPjmLPjT3rj9Qn19YP9DKn1mvnHNLPHnOrjbOnjNKPWTknjTkTHmknjTknTDLnjD1PTDQnWT1THDdPj0knHnzPj0vrjNKnHDKwbnVNDnVUA-1IAQ-uMEV0v66UhIQIy78THDKnEDKsHDKTHcYrHD3PW0QPHTLP1mdP9DkTHDQnWc3rWcknjKxn1TknTDQTyuhmvuhmvcLsHbvPj0VPjT3mBd6rjR-syRbnvmYn1DYujuBnTDQnj03rj9zn10LPWEQPHT3rjmYTHDkP193rjc1P10drjmOrjcOnHcKTHEzrjcKnEDKTiYKTE7CIZwk01CfsvFJsWN3shPfUiqLmyOMph-8uzqkpyOkmy-MUvOMXgNf0A3fnit4Uy-80ZFGmvNqnWTkn7t1njTkTED1PB3Yra3OPi3Qn9DkTyOdUAkKTHEzrjcKXLYKnHTknjmKnHTknHTznk7-m16-mvc3nBY3PWNksHEYnj0Vrj0OmiYQPhEQuWnLrjwhnAEKTHTKuAcYmH0dnyEQmhR-rAnLPT&tid=ec8ecb82-8650-4407-879a-16d1f3784f0d
【整租】来广营 马泉营三区 1室1厅,马泉营三区,https://legoclick.58.com/cpaclick?target=szqBpB3draOWUvYf0A-80A7Guvq8uL-ds1nvPHD3njTYnW9kP1nYXaO1pZwVUT7bsyDLuhEQuHPWsH76mvEVPjRBnad6nj-6syPBn1-BuAEQmHTdnkDYPjmLPjT3rj9Qn19YP9DKn1mdnH9knjEzrjTLn1EKPWTknjTkTHmknjTknTDLnjD1PTDQnWT1THDdPj0knHnzPj0vrjNKnHcKwbnVNDnVUA-1IAQ-uMEV0v66UhIQIy78THDKnEDKsHDKTHcYrHD3PW0QPHTLP1mdP9DkTHDQnWc3rWcknjKxn1TknTDQTyNLmHc1uW-BsHNznW9VPjR6uiY3uWEksHPbmyP-P1TOrHD3P9DQnj0dPW0On1DdnjmQrHDdPWE3THDkP1NvP1b1nHNknj01rjbvrHmKTHEzrjcKnEDKTiYKTE7CIZwk01CfsvFJsWN3shPfUiqLmyOMph-8uzqkpyOkmy-MUvOMXgNf0A3fnit4Uy-80ZFGmvNqnWTkn7t1njTkTED1PB3Yra3OPi3Qn9DkTyOdUAkKTHEzrjcKXLYKnHTknjmKnHTknHTznkDYm1mvuju-PiY3uHc3sHwbPAEVmhR-raYdrHFhnhcvuWE1PjDKTHTKPj9krjI6mhmvmWTkPWTvnk&tid=4c66d6e5-8e28-4d4d-bee8-592f2b6f4341
【合租】来广营 东洲家园 3室主卧,东洲家园,https://legoclick.58.com/cpaclick?target=szqBpB3draOWUvYf0A-80A7Guvq8uL-ds1nvPH91rHcOPWcvrjbOXaO1pZwVUT7bsyDLuhEQuHPWsH76mvEVPjRBnad6nj-6syPBn1-BuAEQmHTdnkDYPjmLPjT3rjcYPW9kP9DKn1mdrjnOnWbvnWm3rHbKPWTknjTkTHmknjTknTDLnjD1PTDQnWT1THDdPj0knHnzPj0vrjNKnHnKwbnVNDnVUA-1IAQ-uMEV0v66UhIQIy78THDKnEDKsHDKTHDkPHcYrHcdn19knjTznj03P1cKnTDQnHczrjCznjTkg1nknjTKnE7buHm3mhP-mzYLn1czsHwbnjnVrHDvriYYnWTLnyuhnHIhmWNKnHTLP191rHNdP1TknWN1rHTkrTDQnj0LrjnOPHNvrjNdP1EzPjmYTEDYnW9zTHDKTEDVTEDKpZwY0ZnlszqBpB3draOWUvYfIv78uvGGUh0f0A-80A7Guvq8uL-dsLK8s1Df5vdGUMKzpyP-5HcknjKxn1TknTDKn1m8Pj98rHN8nHcKnT78IyQ_TEDYnW9zTgVqTHDknjTvTHDknjDknWnKm1bvP10YPWDVuAwWmzYYrHFbsyDzmhmVnW-bnWcQPjI-njmzTEDkTH0QP1EdPH9vmW7huhckPvD&tid=c9677461-ddcc-492d-a2bf-29d22147e062
【合租】来广营 东洲家园 2室主卧,东洲家园,https://legoclick.58.com/cpaclick?target=szqBpB3draOWUvYf0A-80A7Guvq8uL-ds1nvPHcdP19vPWb3rHTvXaO1pZwVUT7bsyDLuhEQuHPWsH76mvEVPjRBnad6nj-6syPBn1-BuAEQmHTdnkDYPjmLPjT3rjcYPW9kP9DKn1mdnWNLrjmvrH9OnjmKPWTknjTkTHmknjTknTDLnjD1PTDQnWT1THDdPj0knHnzPj0vrjNKnHEKwbnVNDnVUA-1IAQ-uMEV0v66UhIQIy78THDKnEDKsHDKTHDkPHcYrHcdn19knjTznj03P1cKnTDQnHczrjCznjTkg1nknjTKnED3PW6hmHuWuidBuWbQsHEQm1DVrHRWPaYvP1EOuWFbnHTLnjTKnHTLPHb1PjnzrHNvn1Tknj91n9DQnj0drHnYn1cOPHT3Pj0Yrj9kTEDYnW9zTHDKTEDVTEDKpZwY0ZnlszqBpB3draOWUvYfIv78uvGGUh0f0A-80A7Guvq8uL-dsLK8s1Df5vdGUMKzpyP-5HcknjKxn1TknTDKn1m8Pj98rHN8nHcKnT78IyQ_TEDYnW9zTgVqTHDknjTvTHDknjDknWnKnW7bmHcvPycVnWmOPzYYPhPBsycvPADVnyNOnyD1mHb3mWN3TEDkTyPhnvcdP1uhuj0vuADLuW0&tid=21da265b-2697-46cb-b64a-1e91a3a98b58
【整租】来广营 马泉营三区 1室1厅,马泉营三区,https://legoclick.58.com/cpaclick?target=szqBpB3draOWUvYf0A-80A7Guvq8uL-ds1nvPHD3njTvrj0krHDYXaO1pZwVUT7bsyDLuhEQuHPWsH76mvEVPjRBnad6nj-6syPBn1-BuAEQmHTdnkDYPjmLPjT3rj9Qn19YP9DKn1mdnH9knjm3P1TOnHEKPWTknjTkTHmknjTknTDLnjD1PTDQnWT1THDdPj0knHnzPj0vrjNKnHNKwbnVNDnVUA-1IAQ-uMEV0v66UhIQIy78THDKnEDKsHDKTHcYrHD3PW0QPHTLP1mdP9DkTHDQnWc3rWcknjKxn1TknTDQTH6BnHDzrjN1sHb3nj9VPjN1miY3nhDLsyR-nyPWuANvPvFWrTDQnj0dPW0On1bOrHN3rjczrHDzTHDkP1NvP1b1rHbOnHcvrjDYP1cKTHEzrjcKnEDKTiYKTE7CIZwk01CfsvFJsWN3shPfUiqLmyOMph-8uzqkpyOkmy-MUvOMXgNf0A3fnit4Uy-80ZFGmvNqnWTkn7t1njTkTED1PB3Yra3OPi3Qn9DkTyOdUAkKTHEzrjcKXLYKnHTknjmKnHTknHTznkDOnv7WuyuBuad6mvnvsHwBuANVrAckmBdbPyc3rj7-PWK-uAnKTHTKnjbQnWRBPWcQPH91mHKbP9&tid=93acefbd-acc6-4bde-8b0b-d5b881e60edc
【合租】来广营 东洲家园 3室次卧,东洲家园,https://legoclick.58.com/cpaclick?target=szqBpB3draOWUvYf0A-80A7Guvq8uL-ds1nvP1D1PH0vnW0LPWNzXaO1pZwVUT7bsyDLuhEQuHPWsH76mvEVPjRBnad6nj-6syPBn1-BuAEQmHTdnkDYPjmLPjT3rjcYPW9kP9DKn1mLnHndP1mzP10vPHcKPWTknjTkTHmknjTknTDLnjD1PTDQnWT1THDdPj0knHnzPj0vrjNKnHmKwbnVNDnVUA-1IAQ-uMEV0v66UhIQIy78THDKnEDKsHDKTHDkPHcYrHcdn19knjTznj03P1cKnTDQnHczrjCznjTkg1nknjTKnE7-rHwhn10YPid-PWDdsHEvnjnVmyubmBdBnADYrANkrjm1ryDKnHT3nWT3P19QrjnznjDvPWbQn9DQnj9znj9LrjD3nW9zPjDYnj9kTEDYnW9zTHDKTEDVTEDKpZwY0ZnlszqBpB3draOWUvYfIv78uvGGUh0f0A-80A7Guvq8uL-dsLK8s1Df5vdGUMKzpyP-5HcknjKxn1TknTDKn1m8Pj98rHN8nHcKnT78IyQ_TEDYnW9zTgVqTHDknjTvTHDknjDknWnKPhnOuhnQnWEVPAEvPzYYnymQsHbzn10Vnhc1PHNdmhDYnAwWTEDkTHNdnHPhmhD3nADLrjI-n1D&tid=6c9fc124-4d67-41f1-9237-2b3555ba40dc
【合租】来广营 东洲家园 3室主卧,东洲家园,https://legoclick.58.com/cpaclick?target=szqBpB3draOWUvYf0A-80A7Guvq8uL-ds1nvP1T1nH03PWDzPjb1XaO1pZwVUT7bsyDLuhEQuHPWsH76mvEVPjRBnad6nj-6syPBn1-BuAEQmHTdnkDYPjmLPjT3rjcYPW9kP9DKn1mLnjnQP19vnHcYrHnKPWTknjTkTHmknjTknTDLnjD1PTDQnWT1THDdPj0knHnzPj0vrjNKnH0KwbnVNDnVUA-1IAQ-uMEV0v66UhIQIy78THDKnEDKsHDKTHDkPHcYrHcdn19knjTznj03P1cKnTDQnHczrjCznjTkg1nknjTKnE7hnAF6ry7bnzY3PAwhsHE3mvNVmhPhnzYkrjNvmH-BrAuBmhmKnHT3nH0YP1DkP1mOPHNLnjbYPTDQnj9QP1ELnHTLPWc3PjmvnH0vTEDYnW9zTHDKTEDVTEDKpZwY0ZnlszqBpB3draOWUvYfIv78uvGGUh0f0A-80A7Guvq8uL-dsLK8s1Df5vdGUMKzpyP-5HcknjKxn1TknTDKn1m8Pj98rHN8nHcKnT78IyQ_TEDYnW9zTgVqTHDknjTvTHDknjDknWnKnhPhPANdnhDVuHFBmzYYm1K-sH9OuyEVnjF-mhuWPWw6P1mdTEDkTH0OrHmQnHE3uHFWnyczuWN&tid=2cf4e52a-e2bc-4c0e-89ed-02ebfc64a765
【合租】来广营 东洲家园 3室次卧,东洲家园,https://legoclick.58.com/cpaclick?target=szqBpB3draOWUvYf0A-80A7Guvq8uL-ds1nvP1cdPW0LPH01rjbYXaO1pZwVUT7bsyDLuhEQuHPWsH76mvEVPjRBnad6nj-6syPBn1-BuAEQmHTdnkDYPjmLPjT3rjcYPW9kP9DKn1mLnWNvP10dP1n3rHEKPWTknjTkTHmknjTknTDLnjD1PTDQnWT1THDdPj0knHnzPj0vrjmKnH9KwbnVNDnVUA-1IAQ-uMEV0v66UhIQIy78THDKnEDKsHDKTHDkPHcYrHcdn19knjTznj03P1cKnTDQnHczrjCznjTkg1nknjTKnE7hujbkPH93riY1ryFWsHw6mH0VmWnkniYOPWDzuHTzuHF6PAmKnHT3nWE3Pjndn1mOnWnYrjEQP9DQnj9zPj9Yn1N1PWcOPjn1rjNvTEDYnW9zTHDKTEDVTEDKpZwY0ZnlszqBpB3draOWUvYfIv78uvGGUh0f0A-80A7Guvq8uL-dsLK8s1Df5vdGUMKzpyP-5HcknjKxn1TknTDKn1m8Pj98rHN8nHcKnT78IyQ_TEDYnW9zTgVqTHDknjTvTHDknjDknWnKmWT3mHRhn1nVnvmvPiYYuHD3sycduyDVrHn1PvNYnHE3uW9kTEDkTyRbmhDznH9kuhmYPvcknAN&tid=b08a5f33-3f65-4e18-b5ea-9337e4148f80
【合租】来广营 东洲家园 2室次卧,东洲家园,https://legoclick.58.com/cpaclick?target=szqBpB3draOWUvYf0A-80A7Guvq8uL-ds1nvPHE3nj0kn1TOnWm1XaO1pZwVUT7bsyDLuhEQuHPWsH76mvEVPjRBnad6nj-6syPBn1-BuAEQmHTdnkDYPjmLPjT3rjcYPW9kP9DKn1mdPj9kP1T1njbzPWnKPWTknjTkTHmknjTknTDLnjD1PTDQnWT1THDdPj0knHnzPj0vrjmKnHbKwbnVNDnVUA-1IAQ-uMEV0v66UhIQIy78THDKnEDKsHDKTHDkPHcYrHcdn19knjTznj03P1cKnTDQnHczrjCznjTkg1nknjTKnE7BnhR-PhNvuBYOujT1sHEzrHDVrHKhPad-uAmYPAEYm1TvrHbKnHTLPWmvPjNQrHTdnjDYPH0On9DQnj0vPWmYPHD3rH0YPWNzPjDvTEDYnW9zTHDKTEDVTEDKpZwY0ZnlszqBpB3draOWUvYfIv78uvGGUh0f0A-80A7Guvq8uL-dsLK8s1Df5vdGUMKzpyP-5HcknjKxn1TknTDKn1m8Pj98rHN8nHcKnT78IyQ_TEDYnW9zTgVqTHDknjTvTHDknjDknWnKuWmvPjNkPAEVrjnzPiYYPjTdsH9OnjmVrAEQmHIWPHT3PHmvTEDkTymLPWP-nvwBnj0kmyczryE&tid=f664504d-8325-4405-8906-8d1a7c508566
【合租】太阳宫 新纪家园 4室主卧,新纪家园,https://legoclick.58.com/cpaclick?target=szqBpB3draOWUvYf0A-80A7Guvq8uL-ds1nvPj91n1NQnHcvnWbYXaO1pZwVUT7bsyDLuhEQuHPWsH76mvEVPjRBnad6nj-6syPBn1-BuAEQmHTdnkDdPjEzPWTznWnLnjTLnEDKn1mYrjn1PHDQnWmzrHEKPWTknjTkTHmknjTknTDLnjD1PTDQnWT1THDdPj0knHnzPj0vrjmKnWTKwbnVNDnVUA-1IAQ-uMEV0v66UhIQIy78THDKnEDKsHDKTHcYrHDQPHcdnHnvnW9YnTDkTHDQnWc3rWcknjKxn1TknTDQTHnOryFhuhnLsycYPWTVPjR-mBY3P1PWsHc1nyFBnjmLnjE1PTDQnj0YPHE1rjTkPHb3nHELnj0zTHDkP1EdPjn3njTdPj03nHbdnWTKTHEzrjcKnEDKTiYKTE7CIZwk01CfsvFJsWN3shPfUiqLmyOMph-8uzqkpyOkmy-MUvOMXgNf0A3fnit4Uy-80ZFGmvNqnWTkn7t1njTkTED1PB3Yra3OPi3Qn9DkTyOdUAkKTHEzrjcKXLYKnHTknjmKnHTknHTznkDznvm3uH0vPzY3mh7bsHEkPhEVrHcYradbuhP-PjnQnhNQnynKTHTKuh76uymkrjT1nWmdmHn3Pk&tid=23f8e767-8bad-406d-9248-dfce4312e11c
【合租】太阳宫 圣馨家园 4室次卧,圣馨家园,https://legoclick.58.com/cpaclick?target=szqBpB3draOWUvYf0A-80A7Guvq8uL-ds1nvPjE3PWc1PWTQnjn3XaO1pZwVUT7bsyDLuhEQuHPWsH76mvEVPjRBnad6nj-6syPBn1-BuAEQmHTdnkDdPjEzPWTznWnLnjTLnEDKn1mYPj9vnWnvnjDkn19KPWTknjTkTHmknjTknTDLnjD1PTDQnWT1THDdPj0knHnzPj0vrjmKnWDKwbnVNDnVUA-1IAQ-uMEV0v66UhIQIy78THDKnEDKsHDKTHcYrHDQPHcdnHnvnW9YnTDkTHDQnWc3rWcknjKxn1TknTDQTHNznvmQPAPBsHTYm1DVPjckPBdBPHT1sHEOnjTYPjDQrAcYrEDQnj01PjTdrjEOnHcznHc1P10vTHDkP1nYnjN3PjbknWNvPHELrjEKTHEzrjcKnEDKTiYKTE7CIZwk01CfsvFJsWN3shPfUiqLmyOMph-8uzqkpyOkmy-MUvOMXgNf0A3fnit4Uy-80ZFGmvNqnWTkn7t1njTkTED1PB3Yra3OPi3Qn9DkTyOdUAkKTHEzrjcKXLYKnHTknjmKnHTknHTznk7-uHmYnWwbuaYznhu6sHw-uW0VmHDLuBYYn1cdrH0QuAPbPAmKTHTKujTOmhF-nvP6PWEYuWTQmk&tid=ee6424dd-22fa-4ef7-a17f-4325971dcd4f
【整租】太阳宫 北京乐乎城市青年 1室1厅,北京乐乎城市青年,https://legoclick.58.com/cpaclick?target=szqBpB3draOWUvYf0A-80A7Guvq8uL-ds1nvPWn3nHnkrHDYn1DvXaO1pZwVUT7bsyDLuhEQuHPWsH76mvEVPjRBnad6nj-6syPBn1-BuAEQmHTdnkDYnWcLrHDdnjEQnHc3nkDKn1mvn19Qn1TOnHE1nHmKPWTknjTkTHmknjTknTDLnjD1PTDQnWT1THDdPj0knHnzPj0vrjmKnWcKwbnVNDnVUA-1IAQ-uMEV0v66UhIQIy78THDKnEDKsHDKTHcYrHD1PjEdPjELPH03PTDkTHDQnWc3rWcknjKxn1TknTDQTyNzmyNzrywhsHEdPj0VPjcYuid6ryEYsH7hPHRhmyPhuynzmEDQnj0OPWDdPWcYPHEdPH0OnjT3THDkP1bvnHNvnWEdnHmznWcOP1mKTHEzrjcKnEDKTiYKTE7CIZwk01CfsvFJsWN3shPfUiqLmyOMph-8uzqkpyOkmy-MUvOMXgNf0A3fnit4Uy-80ZFGmvNqnWTkn7t1njTkTED1PB3Yra3OPi3Qn9DkTyOdUAkKTHEzrjcKXLYKnHTknjmKnHTknHTznk7brH0vmWR-Pid6PWN1sHwBryDVrHmOradWm1FBrjF6rH-BuWNKTHTKnWc3m1Evmy7hnWNknHbvu9&tid=d976b5e5-a653-4b9a-9698-cc2b82a99bf5
【合租】太阳宫 新纪家园 3室次卧,新纪家园,https://legoclick.58.com/cpaclick?target=szqBpB3draOWUvYf0A-80A7Guvq8uL-ds1nvPjTvP1nzrHDkPWc3XaO1pZwVUT7bsyDLuhEQuHPWsH76mvEVPjRBnad6nj-6syPBn1-BuAEQmHTdnkDdPjEzPWTznWnLnjTLnEDKn1mYnjmLn1cOnHTvnW9KPWTknjTkTHmknjTknTDLnjD1PTDQnWT1THDdPj0knHnzPj0vrjmKnWnKwbnVNDnVUA-1IAQ-uMEV0v66UhIQIy78THDKnEDKsHDKTHcYrHDQPHcdnHnvnW9YnTDkTHDQnWc3rWcknjKxn1TknTDQTyNkuyEkPvw6sHI-nAcVPjEYPzdBuHT3sH7WPH--mW-6nyDOPEDQnj0znjn1nH0dnj03P1Ddn1bzTHDkP1ckn1nQP1NknHN3njT3n1cKTHEzrjcKnEDKTiYKTE7CIZwk01CfsvFJsWN3shPfUiqLmyOMph-8uzqkpyOkmy-MUvOMXgNf0A3fnit4Uy-80ZFGmvNqnWTkn7t1njTkTED1PB3Yra3OPi3Qn9DkTyOdUAkKTHEzrjcKXLYKnHTknjmKnHTknHTznkDdnhcQmy7BmiYzm1IbsHwBuhDVrHm1uaYLnWckuH9QnHN3nHEKTHTKm1m1nWTOrjubPHbOujmLPT&tid=52b1aaba-2c7d-4bfa-963d-7220e8115814
【合租】亚运村小营 锦绣馨园 3室次卧,锦绣馨园,https://legoclick.58.com/cpaclick?target=szqBpB3draOWUvYf0A-80A7Guvq8uL-ds1nvPWcdnHbknW9LnWEQXaO1pZwVUT7bsyDLuhEQuHPWsH76mvEVPjRBnad6nj-6syPBn1-BuAEQmHTdnkDYPjmLPjT3rjDOrjmLrTDKn1mvnWNQrHTzrj0zPjDKPWTknjTkTHmknjTknTDLnjD1PTDQnWT1THDdPj0knHnzPj0vrjmKnWEKwbnVNDnVUA-1IAQ-uMEV0v66UhIQIy78THDKnEDKsHDKTHcYrHDQPHDOPWDYnHN3PTDkTHDQnWc3rWcknjKxn1TknTDQTHP6mymkuyDLsHEzuhEVPj03uBdBmhPhsHDOnWuBnAw6mhn1uTDQnj0OnHbQPH9vnWbOrH9drHckTHDkP1bQrHDdrjmzPjDzPWDdPW9KTHEzrjcKnEDKTiYKTE7CIZwk01CfsvFJsWN3shPfUiqLmyOMph-8uzqkpyOkmy-MUvOMXgNf0A3fnit4Uy-80ZFGmvNqnWTkn7t1njTkTED1PB3Yra3OPi3Qn9DkTyOdUAkKTHEzrjcKXLYKnHTknjmKnHTknHTznkDzn1cYrj6BPBYYmHTOsHEdrANVrH0Ymid6nhFBrywWnHE1P1nKTHTKnvmLnAF6m16-mWmdPh76PT&tid=232488b6-4a09-458e-974a-a2bb9dc14373
【合租】亚运村小营 欧陆经典万兴苑 5室次卧,欧陆经典万兴苑,https://legoclick.58.com/cpaclick?target=szqBpB3draOWUvYf0A-80A7Guvq8uL-ds1nvnHbYn1TzP19YnHm1XaO1pZwVUT7bsyDLuhEQuHPWsH76mvEVPjRBnad6nj-6syPBn1-BuAEQmHTdnkDYPjmLPjT3rjDOrjmLrTDKn1mQrHE1njcLrjEQPWnKPWTknjTkTHmknjTknTDLnjD1PTDQnWT1THDdPj0knHnzPj0vrjmKnWNKwbnVNDnVUA-1IAQ-uMEV0v66UhIQIy78THDKnEDKsHDKTHcYrHDQPHDOPWDYnHN3PTDkTHDQnWc3rWcknjKxn1TknTDQTywWrj7BmvcOsHP-mvEVPANLridBPH-bsHDYuHI6PAnvPjNLmkDQnjmdnj0znWmYPHczP10zPj9kTHDkPWNkP1czPWEYPHNvPWnvnHmKTHEzrjcKnEDKTiYKTE7CIZwk01CfsvFJsWN3shPfUiqLmyOMph-8uzqkpyOkmy-MUvOMXgNf0A3fnit4Uy-80ZFGmvNqnWTkn7t1njTkTED1PB3Yra3OPi3Qn9DkTyOdUAkKTHEzrjcKXLYKnHTknjmKnHTknHTznkD1PWTvmHRbmBYLmvDdsHEOuj0Vrjb1ridWmW-BrHP6mWcQrycKTHTKnW-hmvNYnH-6mvw6nH9kP9&tid=3606a5db-7ca5-49d7-8939-cb9b93ab219b
【合租】亚运村小营 欧陆经典万兴苑 3室次卧,欧陆经典万兴苑,https://legoclick.58.com/cpaclick?target=szqBpB3draOWUvYf0A-80A7Guvq8uL-ds1nvnH9zrHTvP1DvrHEYXaO1pZwVUT7bsyDLuhEQuHPWsH76mvEVPjRBnad6nj-6syPBn1-BuAEQmHTdnkDYPjmLPjT3rjDOrjmLrTDKn1mQrjcOnjmLnHmOPjEKPWTknjTkTHmknjTknTDLnjD1PTDQnWT1THDdPj0knHnzPj0vrjmKnWmKwbnVNDnVUA-1IAQ-uMEV0v66UhIQIy78THDKnEDKsHDKTHcYrHDQPHDOPWDYnHN3PTDkTHDQnWc3rWcknjKxn1TknTDQTHT1PAc3uHIhsyN3n1bVPAEOmzY3uj0LsHP6PHubnWw6mhRhrEDQnjmYPWb3rjn3nH0QP1bdPjNvTHDkPWEvrH93n19Qnj93P1m3njTKTHEzrjcKnEDKTiYKTE7CIZwk01CfsvFJsWN3shPfUiqLmyOMph-8uzqkpyOkmy-MUvOMXgNf0A3fnit4Uy-80ZFGmvNqnWTkn7t1njTkTED1PB3Yra3OPi3Qn9DkTyOdUAkKTHEzrjcKXLYKnHTknjmKnHTknHTznkDLrjTOnvDLradbnWbQsHEYuHbVmynduaYdrAEQmhE3nvD1n1mKTHTKuhRbuynvnyR-mWndn1DOn9&tid=78093a78-d291-44e9-ac5d-58d1bd83a336
【整租】亚运村小营 北京乐乎城市青年 1室1厅,北京乐乎城市青年,https://legoclick.58.com/cpaclick?target=szqBpB3draOWUvYf0A-80A7Guvq8uL-ds1nvPWnQPjbzPW91P193XaO1pZwVUT7bsyDLuhEQuHPWsH76mvEVPjRBnad6nj-6syPBn1-BuAEQmHTdnkDYnWcLrHDdnjEQnHc3nkDKn1mvn1DYrHcvrjnLrj9KPWTknjTkTHmknjTknTDLnjD1PTDQnWT1THDdPj0knHnzPj0vrjmKnW0KwbnVNDnVUA-1IAQ-uMEV0v66UhIQIy78THDKnEDKsHDKTHcYrHD1PjEdPjELPH03PTDkTHDQnWc3rWcknjKxn1TknTDQTHDOuA7hrHNksHmLPvmVPAw6nzYOuAcOsH0QrH9vP1FBnAcQmEDQnj0On1b3nHT1nHmLnjcQnjNvTHDkP1b1rH9QnjnQnHcYrHbznjTKTHEzrjcKnEDKTiYKTE7CIZwk01CfsvFJsWN3shPfUiqLmyOMph-8uzqkpyOkmy-MUvOMXgNf0A3fnit4Uy-80ZFGmvNqnWTkn7t1njTkTED1PB3Yra3OPi3Qn9DkTyOdUAkKTHEzrjcKXLYKnHTknjmKnHTknHTznkDYPW-bPWm3uaYOmWRBsHEzPH0VmHndmBd6uWmQm1bYPjmznj0KTHTKuAEvn1nOuj9dPywWrjbOuT&tid=469d668d-9b5b-4257-a35b-af61c9446207
【合租】芍药居 芍药居北里小区 3室次卧,芍药居北里小区,https://legoclick.58.com/cpaclick?target=szqBpB3draOWUvYf0A-80A7Guvq8uL-ds1nvP1D1PWcOrjTkrjEOXaO1pZwVUT7bsyDLuhEQuHPWsH76mvEVPjRBnad6nj-6syPBn1-BuAEQmHTdnkDYPjmLPjT3rjDOrjmLrTDKn1mLnHnvnWb3njT3PjbKPWTknjTkTHmknjTknTDLnjD1PTDQnWT1THDdPj0knHnzPj0vrjmKnW9KwbnVNDnVUA-1IAQ-uMEV0v66UhIQIy78THDKnEDKsHDKTHcYrHDQPHDOPWDYnHN3PTDkTHDQnWc3rWcknjKxn1TknTDQTyEOuhF-PhDksH9OnAnVPjm3PidBujcvsHNdrjNknvP6uW6WrEDQnj9znj9OPH0znjNdnHn3n1TYTHDkrjckrjbdP1ckn1EQPWcvrj9KTHEzrjcKnEDKTiYKTE7CIZwk01CfsvFJsWN3shPfUiqLmyOMph-8uzqkpyOkmy-MUvOMXgNf0A3fnit4Uy-80ZFGmvNqnWTkn7t1njTkTED1PB3Yra3OPi3Qn9DkTyOdUAkKTHEzrjcKXLYKnHTknjmKnHTknHTznk7bmHEQuj-WPiYQmWmOsHEvmHnVrH7hniYduh7BuhN3P16bm1mKTHTKnjR6rAEYnvu-Pj0YrAEzmk&tid=da41d9c5-1b69-46a3-91f1-5fabfe878dc6
【合租】芍药居 芍药居2号院 2室次卧,芍药居2号院,https://legoclick.58.com/cpaclick?target=szqBpB3draOWUvYf0A-80A7Guvq8uL-ds1nvPWcdnHnQrjm3PH03XaO1pZwVUT7bsyDLuhEQuHPWsH76mvEVPjRBnad6nj-6syPBn1-BuAEQmHTdnkDYPjmLPjT3rjDOrjmLrTDKn1mvnWNQn1D3PW9dP19KPWTknjTkTHmknjTknTDLnjD1PTDQnWT1THDdPj0knHnzPj0vrj0KnWbKwbnVNDnVUA-1IAQ-uMEV0v66UhIQIy78THDKnEDKsHDKTHcYrHDQPHDOPWDYnHN3PTDkTHDQnWc3rWcknjKxn1TknTDQTyRBuyFBuH6WsHFWP1DVPAFBnBdBPW--sycOPhE3PWwhPW0znTDQnj0OnH9OPW0znjbdnHnLP1bzTHDkP1bQrjbvP1cknW9knW9OnW9KTHEzrjcKnEDKTiYKTE7CIZwk01CfsvFJsWN3shPfUiqLmyOMph-8uzqkpyOkmy-MUvOMXgNf0A3fnit4Uy-80ZFGmvNqnWTkn7t1njTkTED1PB3Yra3OPi3Qn9DkTyOdUAkKTHEzrjcKXLYKnHTknjmKnHTknHTznkD1nhNdnWmvmidBrjPbsHEznhnVmHF-PaYYuHuhPyPWmWc3uW0KTHTKnHmzPWcvuW0zmW76mhuBPk&tid=32e5266a-b83d-422c-a2e4-4e6f5ccb28f7
【合租】芍药居 芍药居北里小区 3室主卧,芍药居北里小区,https://legoclick.58.com/cpaclick?target=szqBpB3draOWUvYf0A-80A7Guvq8uL-ds1nvPjEQnj9zPWbzPj9QXaO1pZwVUT7bsyDLuhEQuHPWsH76mvEVPjRBnad6nj-6syPBn1-BuAEQmHTdnkDYPjmLPjT3rjDOrjmLrTDKn1mYPjDkrjcvrHcYrjDKPWTknjTkTHmknjTknTDLnjD1PTDQnWT1THDdPj0knHnzPj0vrj0Kn1TKwbnVNDnVUA-1IAQ-uMEV0v66UhIQIy78THDKnEDKsHDKTHcYrHDQPHDOPWDYnHN3PTDkTHDQnWc3rWcknjKxn1TknTDQTyR6m1T3njD1syRhPWcVPjTdraYOrH0zsH-bPjTzrHuBmyE3PTDQnj01nHN3P1E3rHnzrHELrHm3THDkP1nQPH9LPj93P1EznW0LnHcKTHEzrjcKnEDKTiYKTE7CIZwk01CfsvFJsWN3shPfUiqLmyOMph-8uzqkpyOkmy-MUvOMXgNf0A3fnit4Uy-80ZFGmvNqnWTkn7t1njTkTED1PB3Yra3OPi3Qn9DkTyOdUAkKTHEzrjcKXLYKnHTknjmKnHTknHTznkDQmywbPWNzuaY1rHcLsHE1nWnVryD1uaYvPjF6n19dmhFbmWnKTHTKPWwBmW6bujubnHmkmWmvPT&tid=1add652d-3927-4323-9a3d-642a385bbdb3
【合租】芍药居 芍药居北里小区 3室次卧,芍药居北里小区,https://legoclick.58.com/cpaclick?target=szqBpB3draOWUvYf0A-80A7Guvq8uL-ds1nvnH0znW9zn1m1njmOXaO1pZwVUT7bsyDLuhEQuHPWsH76mvEVPjRBnad6nj-6syPBn1-BuAEQmHTdnkDYPjmLPjT3rjDOrjmLrTDKn1mQP1czrjc1PWnkPWbKPWTknjTkTHmknjTknTDLnjD1PTDQnWT1THDdPj0knHnzPj0vrj0Kn1DKwbnVNDnVUA-1IAQ-uMEV0v66UhIQIy78THDKnEDKsHDKTHcYrHDQPHDOPWDYnHN3PTDkTHDQnWc3rWcknjKxn1TknTDQTHcznAw6rARWsyu6m1bVPjmYuaYOm1cOsHn3nj-buWbLuWPBPkDQnjmYn1NkPWbOn1m1PHDvPjDvTHDkPWE1PHTvrHb1njELrHmQPWTKTHEzrjcKnEDKTiYKTE7CIZwk01CfsvFJsWN3shPfUiqLmyOMph-8uzqkpyOkmy-MUvOMXgNf0A3fnit4Uy-80ZFGmvNqnWTkn7t1njTkTED1PB3Yra3OPi3Qn9DkTyOdUAkKTHEzrjcKXLYKnHTknjmKnHTknHTznkDkPHNQnjD3mBYvnWNLsHwBPhNVmhRhuad-uW01PHu6PWuhP1mKTHTKuWPbPjwBPHc1mWEQuAczm9&tid=0551018b-6257-4b6e-befd-ef7356a66f76
【合租】芍药居 芍药居北里小区 3室次卧,芍药居北里小区,https://legoclick.58.com/cpaclick?target=szqBpB3draOWUvYf0A-80A7Guvq8uL-ds1nvPj0QnWTdPjEznH9vXaO1pZwVUT7bsyDLuhEQuHPWsH76mvEVPjRBnad6nj-6syPBn1-BuAEQmHTdnkDYPjmLPjT3rjDOrjmLrTDKn1mYP1DznjNYPjcQrjmKPWTknjTkTHmknjTknTDLnjD1PTDQnWT1THDdPj0knHnzPj0vrj0Kn1cKwbnVNDnVUA-1IAQ-uMEV0v66UhIQIy78THDKnEDKsHDKTHcYrHDQPHDOPWDYnHN3PTDkTHDQnWc3rWcknjKxn1TknTDQTHTvmWKhPWw-syuWn1nVPjK-mBYOPAFWsH0znHTQPWNLm1RbuTDQnj0YnHEdrjDkrjnknj9znjE3THDkP1EQPjN3nHTLrHmdnWndnWTKTHEzrjcKnEDKTiYKTE7CIZwk01CfsvFJsWN3shPfUiqLmyOMph-8uzqkpyOkmy-MUvOMXgNf0A3fnit4Uy-80ZFGmvNqnWTkn7t1njTkTED1PB3Yra3OPi3Qn9DkTyOdUAkKTHEzrjcKXLYKnHTknjmKnHTknHTznkDvPj-bn1DkmzYdm1mzsHwhnWnVrHD1PidWuhNkP1PBuWKWn1bKTHTKn1-hnhnLm1KbmWwhmHnQnT&tid=649d310c-5c62-4f23-9135-cfe073bf0c39
【合租】芍药居 芍药居2号院 3室次卧,芍药居2号院,https://legoclick.58.com/cpaclick?target=szqBpB3draOWUvYf0A-80A7Guvq8uL-ds1nvPWcdnHEQrH9OP1mQXaO1pZwVUT7bsyDLuhEQuHPWsH76mvEVPjRBnad6nj-6syPBn1-BuAEQmHTdnkDYPjmLPjT3rjDOrjmLrTDKn1mvnWNQPjDOrjbLPWDKPWTknjTkTHmknjTknTDLnjD1PTDQnWT1THDdPj0knHnzPj0vrj0Kn1nKwbnVNDnVUA-1IAQ-uMEV0v66UhIQIy78THDKnEDKsHDKTHcYrHDQPHDOPWDYnHN3PTDkTHDQnWc3rWcknjKxn1TknTDQTHEvn1IBnymQsHN1ujEVPAmdnaY3Pj-WsHTzmHRbuWRhm1--mkDQnj0OnHbknjT1PW9YnWcOnHckTHDkP1bQrHTknjnvnH0QnHmQPWTKTHEzrjcKnEDKTiYKTE7CIZwk01CfsvFJsWN3shPfUiqLmyOMph-8uzqkpyOkmy-MUvOMXgNf0A3fnit4Uy-80ZFGmvNqnWTkn7t1njTkTED1PB3Yra3OPi3Qn9DkTyOdUAkKTHEzrjcKXLYKnHTknjmKnHTknHTznk7Bm1RBmvmznzd-ujw6sHEkuW9VrAF6rid6uHuWPWm1nWT3mvmKTHTKnHNdrHcLnHbQPH6hPhu6m9&tid=bc5bcf23-ed4a-40f8-8ba9-ae6c663208cf
【合租】芍药居 芍药居北里小区 3室主卧,芍药居北里小区,https://legoclick.58.com/cpaclick?target=szqBpB3draOWUvYf0A-80A7Guvq8uL-ds1nvPjb1nHTOPHEzPHn3XaO1pZwVUT7bsyDLuhEQuHPWsH76mvEVPjRBnad6nj-6syPBn1-BuAEQmHTdnkDYPjmLPjT3rjDOrjmLrTDKn1mYrHnQnjbdPjcdn19KPWTknjTkTHmknjTknTDLnjD1PTDQnWT1THDdPj0knHnzPj0vrj0Kn1EKwbnVNDnVUA-1IAQ-uMEV0v66UhIQIy78THDKnEDKsHDKTHcYrHDQPHDOPWDYnHN3PTDkTHDQnWc3rWcknjKxn1TknTDQTHwbrjc3uyDYsH9LujcVPjmLuiY3mhndsyNzuWP-nycknjTQu9DQnj0Yrjm1PHmYnWnQnjc3P1nvTHDkP1E3PWndPWEQPW9QnHEQP1mKTHEzrjcKnEDKTiYKTE7CIZwk01CfsvFJsWN3shPfUiqLmyOMph-8uzqkpyOkmy-MUvOMXgNf0A3fnit4Uy-80ZFGmvNqnWTkn7t1njTkTED1PB3Yra3OPi3Qn9DkTyOdUAkKTHEzrjcKXLYKnHTknjmKnHTknHTznk7-uyEYnHbQPzYQm1RhsHEzmhDVrH7BniYYPADkPWE1PycLPyDKTHTKuAEQn10YP19QmyEvrjRWrE&tid=eed41917-1c5f-42ba-91b1-44a06435b75a
【合租】芍药居 芍药居北里小区 3室次卧,芍药居北里小区,https://legoclick.58.com/cpaclick?target=szqBpB3draOWUvYf0A-80A7Guvq8uL-ds1nvPjb1nj9QPHmYnHmzXaO1pZwVUT7bsyDLuhEQuHPWsH76mvEVPjRBnad6nj-6syPBn1-BuAEQmHTdnkDYPjmLPjT3rjDOrjmLrTDKn1mYrHnkrjDdPWEQPWcKPWTknjTkTHmknjTknTDLnjD1PTDQnWT1THDdPj0knHnzPj0vrj0Kn1NKwbnVNDnVUA-1IAQ-uMEV0v66UhIQIy78THDKnEDKsHDKTHcYrHDQPHDOPWDYnHN3PTDkTHDQnWc3rWcknjKxn1TknTDQTHRhnADQnHb1symvP1NVPjFhuBY3nHPWsymYmhwhPyn1nHKbnEDQnj0YrjmzPWELPjNzPWE1n1c3THDkP1E3PWcvPj0YPjEzPH93nHmKTHEzrjcKnEDKTiYKTE7CIZwk01CfsvFJsWN3shPfUiqLmyOMph-8uzqkpyOkmy-MUvOMXgNf0A3fnit4Uy-80ZFGmvNqnWTkn7t1njTkTED1PB3Yra3OPi3Qn9DkTyOdUAkKTHEzrjcKXLYKnHTknjmKnHTknHTznkDQnjFBPvc3PaY1nHnQsHwhuAnVrjKbmzdhmvN3uWb1ujFbmWEKTHTKnAu-PW-BPhEYPWnLmyNQnk&tid=102b7b84-3131-4fdc-80dc-fce8f93d2db4
【合租】芍药居 芍药居5号院 3室次卧,芍药居5号院,https://legoclick.58.com/cpaclick?target=szqBpB3draOWUvYf0A-80A7Guvq8uL-ds1nvPHcOPH0vPWEkPW03XaO1pZwVUT7bsyDLuhEQuHPWsH76mvEVPjRBnad6nj-6syPBn1-BuAEQmHTdnkDYPjmLPjT3rjDOrjmLrTDKn1mdnWbdP1mvPjTvP19KPWTknjTkTHmknjTknTDLnjD1PTDQnWT1THDdPj0knHnzPj0vrj0Kn1mKwbnVNDnVUA-1IAQ-uMEV0v66UhIQIy78THDKnEDKsHDKTHcYrHDQPHDOPWDYnHN3PTDkTHDQnWc3rWcknjKxn1TknTDQTH-6PAu-PyPWsymLnAEVPAPbnaY3PjNzsHm3Pvw6PyFWnhNknEDQnj0vnjN3PHD3nWDOPjTLn1mkTHDkP1mkPH9dnH9Qn1D1nWc3rjTKTHEzrjcKnEDKTiYKTE7CIZwk01CfsvFJsWN3shPfUiqLmyOMph-8uzqkpyOkmy-MUvOMXgNf0A3fnit4Uy-80ZFGmvNqnWTkn7t1njTkTED1PB3Yra3OPi3Qn9DkTyOdUAkKTHEzrjcKXLYKnHTknjmKnHTknHTznkDYuhDkmyFbmiYLmvFBsHE1rAnVrjDLrid-PWIWuy7BPW9YujcKTHTKn1mLnj0OuWT1nAP-PHNYrE&tid=4fa0abda-7cbb-438c-8179-e67ceab684d2
【合租】芍药居 芍药居北区 3室次卧,芍药居北区,https://legoclick.58.com/cpaclick?target=szqBpB3draOWUvYf0A-80A7Guvq8uL-ds1nvnHEzPjDkrjcdP1EQXaO1pZwVUT7bsyDLuhEQuHPWsH76mvEVPjRBnad6nj-6syPBn1-BuAEQmHTdnkDYPjmLPjT3rjDOrjmLrTDKn1mQPjcYnHT3nWNLPjDKPWTknjTkTHmknjTknTDLnjD1PTDQnWT1THDdPj0knHnzPj0vrj0Kn10KwbnVNDnVUA-1IAQ-uMEV0v66UhIQIy78THDKnEDKsHDKTHcYrHDQPHDOPWDYnHN3PTDkTHDQnWc3rWcknjKxn1TknTDQTyDzrjT3rj7BsH01rjDVPjEQraYOmHDksHTvnWR6P1NvnHNvn9DQnjm1n10Qrjm3rjEzPHTYnHbzTHDkPWn1P1D3PW9LP1bdrjbvn1cKTHEzrjcKnEDKTiYKTE7CIZwk01CfsvFJsWN3shPfUiqLmyOMph-8uzqkpyOkmy-MUvOMXgNf0A3fnit4Uy-80ZFGmvNqnWTkn7t1njTkTED1PB3Yra3OPi3Qn9DkTyOdUAkKTHEzrjcKXLYKnHTknjmKnHTknHTznkDOn1nvPWTvPaYvuWnQsHEOnH0VmymLuidBnH0knWFBnHFWuhEKTHTKuHwbnHnQnWubn19znyP6u9&tid=93366064-6f31-4917-af7e-b17022b12cfd
【整租】芍药居 乐乎城市青年社区 1室1厅,乐乎城市青年社区,https://legoclick.58.com/cpaclick?target=szqBpB3draOWUvYf0A-80A7Guvq8uL-ds1nvPWEznHc3P103nHnvXaO1pZwVUT7bsyDLuhEQuHPWsH76mvEVPjRBnad6nj-6syPBn1-BuAEQmHTdnkDYnWcLrHDdnjEQnHc3nkDKn1mvPjcQnW9LP19Qn1mKPWTknjTkTHmknjTknTDLnjD1PTDQnWT1THDdPj0knHnzPj0vrj0Kn19KwbnVNDnVUA-1IAQ-uMEV0v66UhIQIy78THDKnEDKsHDKTHcYrHD1PjEdPjELPH03PTDkTHDQnWc3rWcknjKxn1TknTDQTHEzPHbQryPBsyRBPvNVPjEvuBY3uHbOsyD1n1nduyDOmvwhu9DQnj0OP1EvPWcvPHmLrjDdnHm3THDkP1bLPjmvnWmdnjbkrHEOnHcKTHEzrjcKnEDKTiYKTE7CIZwk01CfsvFJsWN3shPfUiqLmyOMph-8uzqkpyOkmy-MUvOMXgNf0A3fnit4Uy-80ZFGmvNqnWTkn7t1njTkTED1PB3Yra3OPi3Qn9DkTyOdUAkKTHEzrjcKXLYKnHTknjmKnHTknHTznk7hn17BnWE1PBdbP1NdsHw6rj0VmWDvuBdBuhNQm1Dvnj9vrHcKTHTKnHEvuhN1PWcdmycdPhEzuE&tid=f31b2436-d755-4a87-b16f-bfe1c1608692
【合租】芍药居 芍药居北里小区 3室主卧,芍药居北里小区,https://legoclick.58.com/cpaclick?target=szqBpB3draOWUvYf0A-80A7Guvq8uL-ds1nvnWTdnj0zPjb1n1cvXaO1pZwVUT7bsyDLuhEQuHPWsH76mvEVPjRBnad6nj-6syPBn1-BuAEQmHTdnkDYPjmLPjT3rjDOrjmLrTDKn1mznjNkP1cYrHn1nWmKPWTknjTkTHmknjTknTDLnjD1PTDQnWT1THDdPj0knHnzPj0vrj9Kn1bKwbnVNDnVUA-1IAQ-uMEV0v66UhIQIy78THDKnEDKsHDKTHcYrHDQPHDOPWDYnHN3PTDkTHDQnWc3rWcknjKxn1TknTDQTHTvP1DOuHI-sHNvrycVPjTzrad6mvE1syRWPWF6nAubnAuBm9DQnjmdPjcdnHmvrjb3PH0LPjT3THDkPWNYnWNQPWm3n1NvPH9LPHcKTHEzrjcKnEDKTiYKTE7CIZwk01CfsvFJsWN3shPfUiqLmyOMph-8uzqkpyOkmy-MUvOMXgNf0A3fnit4Uy-80ZFGmvNqnWTkn7t1njTkTED1PB3Yra3OPi3Qn9DkTyOdUAkKTHEzrjcKXLYKnHTknjmKnHTknHTznk7hPWNvnjmzuiY3uyu-sHw-nvEVrAc3nBd6n1D3uARhnvEdnHEKTHTKnWmkPWTdn1uBnhnOrj0kPE&tid=f656062e-8efe-4e3d-8b82-a318def3d514
【合租】芍药居 芍药居4号院 4室主卧,芍药居4号院,https://legoclick.58.com/cpaclick?target=szqBpB3draOWUvYf0A-80A7Guvq8uL-ds1nvPj0QrjcYPWnQrHnLXaO1pZwVUT7bsyDLuhEQuHPWsH76mvEVPjRBnad6nj-6syPBn1-BuAEQmHTdnkDYPjmLPjT3rjDOrjmLrTDKn1mYP1D3nWEvn1DOn10KPWTknjTkTHmknjTknTDLnjD1PTDQnWT1THDdPj0knHnzPj0vrj9KPjTKwbnVNDnVUA-1IAQ-uMEV0v66UhIQIy78THDKnEDKsHDKTHcYrHDQPHDOPWDYnHN3PTDkTHDQnWc3rWcknjKxn1TknTDQTHNzuHnOuyNOsHTLmHmVPjTQnadBrHEdsynOP1DkmHDQP1uBuTDQnj0YnHmvnHTkPHnzPjDzPjDvTHDkP1EQPWmQnjTYPWDQnjbzPj9KTHEzrjcKnEDKTiYKTE7CIZwk01CfsvFJsWN3shPfUiqLmyOMph-8uzqkpyOkmy-MUvOMXgNf0A3fnit4Uy-80ZFGmvNqnWTkn7t1njTkTED1PB3Yra3OPi3Qn9DkTyOdUAkKTHEzrjcKXLYKnHTknjmKnHTknHTznk7Wrj6Brj9zridbuAN3sHwWmhnVmWnOuiYQPADYuAcvnWN1uHcKTHTKPhPBuAcQmWDknW9Lmhn3mE&tid=c88b8829-dde8-4cbc-b39e-14a4db6253e2
【合租】大屯 大屯里小区 3室主卧,大屯里小区,https://legoclick.58.com/cpaclick?target=szqBpB3draOWUvYf0A-80A7Guvq8uL-ds1nvPjbzn1nkrjTLPjE1XaO1pZwVUT7bsyDLuhEQuHPWsH76mvEVPjRBnad6nj-6syPBn1-BuAEQmHTdnkDYPjmLPjT3rjDOrjmLrTDKn1mYrHc1n1T3nj0YPjnKPWTknjTkTHmknjTknTDLnjD1PTDQnWT1THDdPj0knHnzPj0vrj9KPjDKwbnVNDnVUA-1IAQ-uMEV0v66UhIQIy78THDKnEDKsHDKTHcYrHDQPHDOPWDYnHN3PTDkTHDQnWc3rWcknjKxn1TknTDQTyELmHDYnWTksymOPH0VPAELnzY3PW9QsHwWuhmYrjDzPAcYnTDQnj0Yrjn3njELnjEQP1b3nHEYTHDkP1E3n19kPjmOP1EvrjbzrjTKTHEzrjcKnEDKTiYKTE7CIZwk01CfsvFJsWN3shPfUiqLmyOMph-8uzqkpyOkmy-MUvOMXgNf0A3fnit4Uy-80ZFGmvNqnWTkn7t1njTkTED1PB3Yra3OPi3Qn9DkTyOdUAkKTHEzrjcKXLYKnHTknjmKnHTknHTznkDOmhczuWTYPBd-mHmLsHEzn1EVryDLuBYYPARWnANLPW-bnH9KTHTKnhnLmhmknymvrjcknhNQu9&tid=9bb2f046-ea67-4234-9a7f-44ec0e769d18
【合租】大屯 大屯里小区 4室次卧,大屯里小区,https://legoclick.58.com/cpaclick?target=szqBpB3draOWUvYf0A-80A7Guvq8uL-ds1nvn1T3P1c3rHcdnjb1XaO1pZwVUT7bsyDLuhEQuHPWsH76mvEVPjRBnad6nj-6syPBn1-BuAEQmHTdnkDYPjmLPjT3rjDOrjmLrTDKn1m1nj9LnW9OnWNkrHnKPWTknjTkTHmknjTknTDLnjD1PTDQnWT1THDdPj0knHnzPj0vrj9KPjcKwbnVNDnVUA-1IAQ-uMEV0v66UhIQIy78THDKnEDKsHDKTHcYrHDQPHDOPWDYnHN3PTDkTHDQnWc3rWcknjKxn1TknTDQTyFBnH01rAPbsHN1nAEVPjIBmzd6PyF6symLnWIBryPhuHPbu9DQnjm3rjcQP19kn1cdPj03PjTkTHDkPW93nWDLrjTzPWmLPH9QPjEKTHEzrjcKnEDKTiYKTE7CIZwk01CfsvFJsWN3shPfUiqLmyOMph-8uzqkpyOkmy-MUvOMXgNf0A3fnit4Uy-80ZFGmvNqnWTkn7t1njTkTED1PB3Yra3OPi3Qn9DkTyOdUAkKTHEzrjcKXLYKnHTknjmKnHTknHTznkD3rAELPW-huBYYrj0QsHEOujDVrAubnzdhPjnOmHR-PWFBrHEKTHTKnWn3uW-6m17WmHPBPW0Ou9&tid=88d769ff-4871-49d1-8fd3-f439a5e62b94
【合租】大屯 大屯里小区 3室主卧,大屯里小区,https://legoclick.58.com/cpaclick?target=szqBpB3draOWUvYf0A-80A7Guvq8uL-ds1nvPj0kP1T3PHTYrHbLXaO1pZwVUT7bsyDLuhEQuHPWsH76mvEVPjRBnad6nj-6syPBn1-BuAEQmHTdnkDYPjmLPjT3rjDOrjmLrTDKn1mYP1TLnj9dnjEOrH0KPWTknjTkTHmknjTknTDLnjD1PTDQnWT1THDdPj0knHnzPj0vrj9KPjnKwbnVNDnVUA-1IAQ-uMEV0v66UhIQIy78THDKnEDKsHDKTHcYrHDQPHDOPWDYnHN3PTDkTHDQnWc3rWcknjKxn1TknTDQTHnQuAcLnhmksyNvuHTVPjm1nBdBrAcksHIbmyRhn1P-mWNOPEDQnj0YnHcOPHcLnH0kPjDvPWEkTHDkP1EQnWbdnW0QnHN3rHTvrj9KTHEzrjcKnEDKTiYKTE7CIZwk01CfsvFJsWN3shPfUiqLmyOMph-8uzqkpyOkmy-MUvOMXgNf0A3fnit4Uy-80ZFGmvNqnWTkn7t1njTkTED1PB3Yra3OPi3Qn9DkTyOdUAkKTHEzrjcKXLYKnHTknjmKnHTknHTznk7-mHE1PjDYmidBn10ksHEdrANVrAnOmiYYuHbdPvc3uymdPWDKTHTKPWmQryn3rynkP19vm1IbmE&tid=ea43414a-b370-458e-8c9a-4e957b8ef561
【合租】大屯 大屯里小区 3室次卧,大屯里小区,https://legoclick.58.com/cpaclick?target=szqBpB3draOWUvYf0A-80A7Guvq8uL-ds1nvPj0QnjmYPjEknWD3XaO1pZwVUT7bsyDLuhEQuHPWsH76mvEVPjRBnad6nj-6syPBn1-BuAEQmHTdnkDYPjmLPjT3rjDOrjmLrTDKn1mYP1DkPWEYPjTznH9KPWTknjTkTHmknjTknTDLnjD1PTDQnWT1THDdPj0knHnzPj0vrj9KPjEKwbnVNDnVUA-1IAQ-uMEV0v66UhIQIy78THDKnEDKsHDKTHcYrHDQPHDOPWDYnHN3PTDkTHDQnWc3rWcknjKxn1TknTDQTHcQPvNvnv7BsHTLPHmVPjNLmiY3rjmvsHEOuHcLPAm3n1bdrTDQnj0YnHEQnHbkPHmOn1EdnjcYTHDkP1EQPjDQrHTdnHTvnWELP1TKTHEzrjcKnEDKTiYKTE7CIZwk01CfsvFJsWN3shPfUiqLmyOMph-8uzqkpyOkmy-MUvOMXgNf0A3fnit4Uy-80ZFGmvNqnWTkn7t1njTkTED1PB3Yra3OPi3Qn9DkTyOdUAkKTHEzrjcKXLYKnHTknjmKnHTknHTznkDvujRBnvnLPad6njcLsHELPhcVmH66niYvuAnkrjDdnynYnAmKTHTKrj66P101nW03uHbOPj0Ynk&tid=6d5b3c74-a027-476b-a8a1-6dc08151c40f
【合租】大屯 大屯里小区 3室次卧,大屯里小区,https://legoclick.58.com/cpaclick?target=szqBpB3draOWUvYf0A-80A7Guvq8uL-ds1nvnHNYnWNLnWDkPW0OXaO1pZwVUT7bsyDLuhEQuHPWsH76mvEVPjRBnad6nj-6syPBn1-BuAEQmHTdnkDYPjmLPjT3rjDOrjmLrTDKn1mQPHEzPH0znHTvP1bKPWTknjTkTHmknjTknTDLnjD1PTDQnWT1THDdPj0knHnzPj0vrj9KPjNKwbnVNDnVUA-1IAQ-uMEV0v66UhIQIy78THDKnEDKsHDKTHcYrHDQPHDOPWDYnHN3PTDkTHDQnWc3rWcknjKxn1TknTDQTyNLuWnQPj0YsH-hnHTVPAD3mBYOryP-sH0zrjmzPWmdn1T1nEDQnjm1P1mknjNQnWDznHEkPHEYTHDkPWnLPWTkPHDQPHnYnHmQrHcKTHEzrjcKnEDKTiYKTE7CIZwk01CfsvFJsWN3shPfUiqLmyOMph-8uzqkpyOkmy-MUvOMXgNf0A3fnit4Uy-80ZFGmvNqnWTkn7t1njTkTED1PB3Yra3OPi3Qn9DkTyOdUAkKTHEzrjcKXLYKnHTknjmKnHTknHTznk76nWnvrjuhPadhuhE3sHELuhnVrymdmiYzrjD3PHP6nW-6PjEKTHTKPWnOujNzPHTLPj9YmvRBnT&tid=a23686f4-ffd8-47fc-9f5a-281853a29a44
【合租】大屯 大屯里小区 4室次卧,大屯里小区,https://legoclick.58.com/cpaclick?target=szqBpB3draOWUvYf0A-80A7Guvq8uL-ds1nvn1T3P1DOnWnvn1mvXaO1pZwVUT7bsyDLuhEQuHPWsH76mvEVPjRBnad6nj-6syPBn1-BuAEQmHTdnkDYPjmLPjT3rjDOrjmLrTDKn1m1nj9LnHbzn1m1PWmKPWTknjTkTHD1nTDLnjD1PTDQnWT1THDdPj0knHnzPj0vrj9KPjmKwbnVNDnVUA-1IAQ-uMEV0v66UhIQIy78THDKnEDKsHDKTHcYrHDQPHDOPWDYnHN3PTDkTHDQnWc3rWcknjKxn1TknTDQTH6WnH0knW0YsHRbnH9VPjbOuadBnjTYsym3mvEdnvnLnA7Wn9DQnjm3rjcQPjmzrjEQrjndPHckTHDkPW93nWDYPWcLP1TdnW9zPHmKTHEzrjcKnEDKTiYKTE7CIZwk01CfsvFJsWN3shPfUiqLmyOMph-8uzqkpyOkmy-MUvOMXgNf0A3fnit4Uy-80ZFGmvNqnWTkn7t1njTkTED1PB3Yra3OPi3Qn9DkTyOdUAkKTHEzrjcKXLYKnHTknjmKnHTknHTznkDduHwhnWbvuiY3rjTOsHE3rjDVmyEOnBYzPjNdPjw6PWIhPyNKTHTKmWNLnADOnWKhrjmkP1Kbnk&tid=5e4f296e-8809-4881-ad92-245544a67f5e
【合租】惠新西街 安苑北里 3室次卧,安苑北里,https://legoclick.58.com/cpaclick?target=szqBpB3draOWUvYf0A-80A7Guvq8uL-ds1nQPH0QnWDdnjbLP1b3XaO1pZwVUT7bsH9zP1c3mvPhsHEknWEVPAFbmBY3uWbksHFhrHcvrjcLmymvPTDYPjmLPjT3rHN1nWbdnTDKn1DdP1DznHNkrH0LrH9KPWTknjTkTHmknjTknTDLnjD1PTDQnWT1THDdPj0knHnzPj0vrj0KnHTKwbnVNDnVUA-1IAQ-uMEV0v66UhIQIy78THDKnEDKsHDKTHcYrHDQPHDYPWN1n1bkPTDkTHDQnWc3rWcknjKxn1TknTDQTH0YrHDzPWP6syFhnhEVPADQPaYOPhEzsH9zujR-nvmdryDYnTDQnjmkrjDzrjNOPjnYn1NvP1nvTHDkPWT3nHc3PHb1PW0zPHDOPW9KTHEzrjcKnEDKTiYKTE7CIZwk01CfsvFJsWN3shPfUiqLmyOMph-8uzqkpyOkmy-MUvOMXgNf0A3fnit4Uy-80ZFGmvNqnWTkn7t1njTkTED1PB3Yra3OPi3Qn9DkTyOdUAkKTHEzrjcKXLYKnHTknjmKnHTknHTznk7BuWw6nhN3uBYYuH9vsHE1P19VryEkPiYLrHn1PAw-rHczujNKTHTKmywhmvNLuHwWPhuBPhR6mk&tid=bf4a2e8f-4e86-4378-9d05-79334de922d5
【合租】亚运村 安慧里一区 4室次卧,安慧里一区,https://legoclick.58.com/cpaclick?target=szqBpB3draOWUvYf0A-80A7Guvq8uL-ds1nvnHEQPWTQPjNYPWNQXaO1pZwVUT7bsH9zP1c3mvPhsHEknWEVPAFbmBY3uWbksHFhrHcvrjcLmymvPTDYPjmLPjT3rjDOrjmLrTDKn1mQPjDvnjDYPHEvPHDKPWTknjTkTHmknjTknTDLnjD1PTDQnWT1THDdPj0knHnzPj0vrj0KnHDKwbnVNDnVUA-1IAQ-uMEV0v66UhIQIy78THDKnEDKsHDKTHcYrHDQPHDOPWDYnHN3PTDkTHDQnWc3rWcknjKxn1TknTDQTyFWnhF6mhEksHKbnH9VPjnYnzYOuj7hsHKbPhw6PvckuhD1m9DQnjm1n1Edn1ELPjDOPjNdPj93THDkPWn1PjN1Pj01PjnOPHnOnWTKTHEzrjcKnEDKTiYKTE7CIZwk01CfsvFJsWN3shPfUiqLmyOMph-8uzqkpyOkmy-MUvOMXgNf0A3fnit4Uy-80ZFGmvNqnWTkn7t1njTkTED1PB3Yra3OPi3Qn9DkTyOdUAkKTHEzrjcKXLYKnHTknjmKnHTknHTznkDkmhuWm1NdraYLPhmksHEkuHmVrHnQnadbrjNdnHwbmW0OPWnKTHTKmhPbrjK6nhRBmhD3PHbQnk&tid=0bfcc558-76f0-40e6-9310-d85514db7963
【合租】亚运村 慧忠北里第二社区 3室次卧,慧忠北里第二社区,https://legoclick.58.com/cpaclick?target=szqBpB3draOWUvYf0A-80A7Guvq8uL-ds1nvPj0znH0dnWEznW9kXaO1pZwVUT7bsH9zP1c3mvPhsHEknWEVPAFbmBY3uWbksHFhrHcvrjcLmymvPTDYPjmLPjT3rjDOrjmLrTDKn1mYP1cQP1NzPjczrjTKPWTknjTkTHmknjTknTDLnjD1PTDQnWT1THDdPj0knHnzPj0vrj0KnHcKwbnVNDnVUA-1IAQ-uMEV0v66UhIQIy78THDKnEDKsHDKTHcYrHDQPHDOPWDYnHN3PTDkTHDQnWc3rWcknjKxn1TknTDQTHT1n1Kbuy76synYuWTVPjwhPzd6P1mYsHEOnycQnHnzryEYrEDQnj0YnH0LPH9OnWn3PH0OnWTkTHDkP1EQP10drjbQP1b3PH9OPjEKTHEzrjcKnEDKTiYKTE7CIZwk01CfsvFJsWN3shPfUiqLmyOMph-8uzqkpyOkmy-MUvOMXgNf0A3fnit4Uy-80ZFGmvNqnWTkn7t1njTkTED1PB3Yra3OPi3Qn9DkTyOdUAkKTHEzrjcKXLYKnHTknjmKnHTknHTznkDOnjTOP1DQnad6rj0QsHEvPhDVrHNOmBYkuH66PHT1mW9znHDKTHTKPARBrj0kujTYmhF-nj0vPk&tid=90097110-a871-466a-959b-0e8a503b8211
【合租】亚运村 九台2000家园 3室次卧,九台2000家园,https://legoclick.58.com/cpaclick?target=szqBpB3draOWUvYf0A-80A7Guvq8uL-ds1nvnHbYnH9YPWnQnj0dXaO1pZwVUT7bsH9zP1c3mvPhsHEknWEVPAFbmBY3uWbksHFhrHcvrjcLmymvPTDYPjmLPjT3rjDOrjmLrTDKn1mQrHEQrjEvn1DkP1NKPWTknjTkTHmknjTknTDLnjD1PTDQnWT1THDdPj0knHnzPj0vrj0KnHnKwbnVNDnVUA-1IAQ-uMEV0v66UhIQIy78THDKnEDKsHDKTHcYrHDQPHDOPWDYnHN3PTDkTHDQnWc3rWcknjKxn1TknTDQTHTdnWNvnW9ksHn3mWDVPjIhraY3mvDLsH93nj-6rj0YmWuBuTDQnjmdnjm3n1b1njN3PHEOP1mkTHDkPWNkPW91rHcOrHb3nWNYnj9KTHEzrjcKnEDKTiYKTE7CIZwk01CfsvFJsWN3shPfUiqLmyOMph-8uzqkpyOkmy-MUvOMXgNf0A3fnit4Uy-80ZFGmvNqnWTkn7t1njTkTED1PB3Yra3OPi3Qn9DkTyOdUAkKTHEzrjcKXLYKnHTknjmKnHTknHTznkDvnhcvrH9OnzdWPy7bsHEYnhDVrAnQPidhnHDvmvmOnAN3nHNKTHTKnH7-ujEvP1bOm1bYrjcQmE&tid=62b69893-c5ad-442a-8c15-f116cf90e815
